{"cameraMode":{"drawMode":0,"name":"Shaded","section":"Shading Mode"},"sceneLighting":true,"audioPlay":false,"sceneViewState":{"m_AlwaysRefresh":false,"showFog":true,"showSkybox":true,"showFlares":true,"showImageEffects":true,"showParticleSystems":true,"showVisualEffectGraphs":true,"m_FxEnabled":true},"in2DMode":false,"pivot":{"x":-0.773040771484375,"y":3.5942366123199465,"z":-1.0573577880859376},"rotation":{"x":-0.03880066052079201,"y":0.9201859831809998,"z":-0.09447375684976578,"w":-0.3779231905937195},"size":10.365612983703614,"orthographic":false}